{"cameraMode":{"drawMode":0,"name":"Shaded","section":"Shading Mode"},"sceneLighting":true,"audioPlay":false,"sceneViewState":{"m_AlwaysRefresh":false,"showFog":true,"showSkybox":true,"showFlares":true,"showImageEffects":true,"showParticleSystems":true,"showVisualEffectGraphs":true,"m_FxEnabled":false},"in2DMode":false,"pivot":{"x":368.2598571777344,"y":114.43136596679688,"z":18.37060546875},"rotation":{"x":-0.0047171819023787979,"y":-0.48634955286979678,"z":0.0026255492120981218,"w":-0.8737619519233704},"size":312.5848083496094,"orthographic":true}